elapsed_s,rss_gib,mem_available_gib,cpu_max_c,ddr_c,gpu_c,npu_c,process_samples,samples
0,0.049847,11.099384,38.130,36.022,35.464,36.146,10,10
1,0.110271,11.009945,42.222,38.006,37.696,37.448,9,9
2,0.133709,11.010212,40.114,37.200,37.510,36.890,10,10
3,0.155437,11.052380,35.712,36.332,35.774,35.650,9,9
4,0.176434,11.052116,35.340,35.464,35.154,35.340,9,9
5,0.199627,11.052113,35.030,35.340,35.278,34.968,10,10
6,0.220623,11.051979,35.092,35.092,35.030,34.844,9,9
7,0.243572,11.016357,39.308,36.890,36.084,34.782,10,10
8,0.266033,11.010300,39.122,37.386,37.324,35.650,10,10
9,0.286541,11.049580,35.526,35.402,35.278,35.464,9,9
10,0.309002,11.049149,35.030,35.216,35.030,35.092,10,10
11,0.332195,11.049049,34.906,35.216,34.782,35.154,10,10
12,0.352703,11.049442,34.720,35.030,34.844,34.906,9,9
13,0.375408,11.021667,37.758,36.022,35.960,35.650,10,10
14,0.397869,11.009129,38.502,36.518,36.828,35.960,10,10
15,0.420330,11.048973,35.526,36.022,35.588,35.216,10,10
16,0.441082,11.049026,34.782,35.650,35.154,36.580,9,9
17,0.464520,11.049099,34.658,35.216,34.968,34.844,10,10
18,0.485760,11.048405,34.658,35.526,34.968,34.720,9,9
19,0.508099,11.034454,36.146,35.216,34.906,35.898,10,10
20,0.528362,11.009445,39.618,36.332,36.456,37.510,9,9
21,0.551189,11.049049,36.208,36.208,35.836,35.154,10,10
22,0.571575,11.049149,35.154,35.650,34.906,35.216,9,9
23,0.593548,11.050701,34.782,35.340,34.906,34.844,9,9
24,0.615520,11.050571,34.782,35.464,34.658,34.844,9,9
25,0.639690,11.050533,34.348,35.092,34.720,34.596,10,10
26,0.661175,11.012596,37.572,36.022,35.712,36.890,9,9
27,0.682415,11.009686,39.742,35.960,36.580,36.518,9,9
28,0.704388,11.049332,35.588,35.650,35.216,35.030,9,9
29,0.726360,11.049278,35.216,35.216,35.092,35.650,9,9
30,0.748211,11.048813,34.968,35.030,35.092,34.844,9,9
31,0.769817,11.050480,34.906,35.030,34.596,34.720,9,9
32,0.793987,11.021488,37.014,35.774,36.828,35.340,10,10
33,0.815228,11.008766,39.184,36.394,36.642,36.580,9,9
34,0.836712,11.050804,35.526,35.588,35.526,35.340,9,9
35,0.859905,11.050602,35.154,35.464,35.092,35.154,10,10
36,0.880901,11.050484,35.092,35.154,34.906,34.720,9,9
37,0.902630,11.050522,35.154,35.340,34.844,35.092,9,9
38,0.925335,11.050343,34.472,34.844,34.720,34.968,10,10
39,0.946575,11.008572,38.378,36.270,36.022,35.216,9,9
40,0.967571,11.008648,38.378,36.208,36.208,36.766,9,9
41,0.991497,11.048920,35.340,35.526,35.216,35.030,10,10
42,1.012249,11.048927,34.906,35.278,34.782,35.154,9,9
43,1.033978,11.048851,34.782,35.030,34.906,34.844,9,9
44,1.057171,11.048260,35.092,35.154,34.844,34.968,10,10
45,1.078655,11.012215,38.068,35.836,36.022,35.216,9,9
46,1.099895,11.006763,39.618,36.580,37.014,35.836,9,9
47,1.123089,11.046658,35.650,35.650,35.588,35.340,10,10
48,1.144573,11.046539,34.720,35.402,35.092,35.216,9,9
49,1.165569,11.046436,34.844,35.278,35.092,34.844,9,9
50,1.187298,11.045971,34.844,35.030,34.844,34.844,9,9
51,1.209270,11.029823,36.208,35.898,34.720,34.782,9,9
52,1.231243,11.005405,38.812,35.774,36.146,36.084,9,9
53,1.255413,11.045540,35.340,35.836,35.340,35.216,10,10
54,1.276165,11.045650,34.906,35.278,34.720,35.030,9,9
55,1.298870,11.045540,34.534,35.154,34.720,34.906,10,10
56,1.319866,11.045692,34.720,35.030,34.410,34.968,9,9
57,1.343304,11.045738,34.162,35.030,34.472,34.720,10,10
58,1.363567,11.007435,38.688,37.138,37.014,35.836,9,9
59,1.386272,11.006512,38.564,37.138,35.898,36.022,10,10
60,1.408733,11.047695,35.402,35.402,34.906,35.092,10,10
61,1.431194,11.047543,34.596,35.154,34.782,34.844,10,10
62,1.452190,11.047371,34.472,35.092,34.596,35.216,9,9
63,1.473186,11.047283,34.224,35.154,34.658,34.906,9,9
64,1.496136,11.014095,37.882,37.262,35.836,34.720,10,10
65,1.518597,11.005829,38.316,37.076,36.022,35.278,10,10
66,1.541302,11.046951,35.030,35.464,35.030,34.906,10,10
67,1.560345,11.046902,34.906,35.464,34.906,34.906,9,9
68,1.583050,11.047253,34.720,35.154,34.968,34.844,10,10
69,1.604046,11.047321,34.472,35.464,34.658,34.720,9,9
70,1.627483,11.040501,34.472,35.340,34.844,34.844,10,10
71,1.649944,11.006096,38.688,37.076,36.704,36.580,10,10
72,1.670452,11.047413,36.828,35.898,35.836,35.588,9,9
73,1.692913,11.047321,35.650,35.774,35.154,35.030,10,10
74,1.715374,11.047501,35.030,35.464,35.464,35.030,10,10
75,1.736614,11.047249,34.782,35.464,34.782,35.092,9,9
76,1.760052,11.047367,34.658,35.278,34.968,34.906,10,10
77,1.780560,11.015862,39.060,36.642,36.642,35.774,9,9
78,1.803020,11.005455,39.246,36.394,37.200,36.270,10,10
79,1.825726,11.045029,35.464,35.588,35.588,35.278,10,10
80,1.848186,11.045116,35.092,35.650,34.968,35.030,10,10
81,1.868694,11.045261,34.906,35.464,34.782,35.464,9,9
82,1.892132,11.045059,34.906,35.526,34.844,35.092,10,10
83,1.913128,11.040573,35.278,35.278,35.092,34.968,9,9
84,1.934856,11.004932,38.936,36.084,36.270,36.022,9,9
85,1.958050,11.044621,36.642,36.208,36.270,35.712,10,10
86,1.979534,11.044491,35.154,35.340,35.154,35.216,9,9
87,2.000530,11.044548,35.216,35.216,35.030,34.844,9,9
88,2.021526,11.044552,34.782,35.092,34.906,34.844,9,9
89,2.045452,11.044689,34.782,35.340,34.906,35.092,10,10
90,2.066448,11.014381,37.510,35.898,36.704,35.650,9,9
91,2.087933,11.004261,38.750,36.456,37.076,37.262,9,9
92,2.111370,11.046017,35.340,36.022,35.526,35.402,10,10
93,2.132610,11.045853,35.278,35.464,35.340,35.030,9,9
94,2.156048,11.045902,35.030,35.340,34.968,35.030,10,10
95,2.177288,11.045670,34.906,35.092,34.968,35.030,9,9
96,2.198528,11.035755,35.650,36.022,34.906,34.844,9,9
97,2.219769,11.003803,37.510,36.828,37.386,36.828,9,9
98,2.243450,11.043434,36.456,36.146,36.332,35.960,10,10
99,2.263226,11.043755,34.968,35.464,35.526,35.154,9,9
100,2.285442,11.045250,34.782,35.402,35.030,34.906,9,9
101,2.307171,11.045265,34.844,35.340,34.844,34.782,9,9
102,2.328899,11.045406,34.534,35.278,34.968,34.906,9,9
103,2.350872,11.005901,38.006,37.572,36.394,36.146,9,9
104,2.372845,11.005955,39.432,36.208,36.084,35.712,9,9
105,2.394573,11.045193,35.092,35.898,35.340,35.278,9,9
106,2.416302,11.045280,34.782,35.402,35.216,34.782,9,9
107,2.438274,11.045059,34.596,35.340,34.720,34.906,9,9
108,2.461224,11.037674,35.774,35.402,34.968,35.092,10,10
109,2.483685,11.005653,39.866,35.898,36.518,37.138,10,10
110,2.506390,11.001236,38.192,37.572,38.440,36.456,10,10
111,2.526653,11.043694,35.650,35.588,35.650,35.526,9,9
112,2.549603,11.043732,35.030,36.580,35.154,35.402,10,10
113,2.570843,11.043491,35.030,35.464,34.968,35.092,9,9
114,2.594280,11.043274,34.844,35.278,35.030,34.968,10,10
115,2.615276,11.019444,37.882,36.332,35.526,35.216,9,9
116,2.637981,11.001968,38.874,37.138,37.014,36.890,10,10
117,2.660442,11.044373,36.146,36.146,35.650,35.960,10,10
118,2.683147,11.044117,35.154,35.402,35.216,35.278,10,10
119,2.703655,11.037380,35.960,35.712,35.898,36.208,9,9
120,2.727093,11.036495,36.270,35.464,35.526,35.278,10,10
121,2.748333,11.035744,35.092,35.464,35.278,35.030,9,9
122,2.769817,11.001907,38.316,36.766,36.828,36.828,9,9
123,2.793011,11.043369,38.998,36.270,35.960,35.588,10,10
124,2.814495,11.043396,35.526,35.836,35.278,35.340,9,9
125,2.835491,11.043407,35.154,35.526,35.650,35.030,9,9
126,2.856976,11.043381,34.906,35.340,34.906,35.340,9,9
127,2.880169,11.043465,34.968,35.216,34.906,34.906,10,10
128,2.900433,11.004967,37.882,36.828,36.270,36.456,9,9
129,2.921673,11.001919,37.820,36.704,37.448,35.712,9,9
130,2.944378,11.038010,37.138,36.332,36.890,36.642,10,10
131,2.966839,11.043743,35.340,35.960,35.340,35.650,10,10
132,2.989788,11.043667,35.216,35.526,35.340,35.526,10,10
133,3.010784,11.043674,34.844,35.712,35.278,35.402,9,9
134,3.032024,11.026428,35.464,35.588,35.216,35.340,9,9
135,3.054485,11.002277,38.316,36.828,37.076,36.828,10,10
136,3.077190,11.042007,36.394,36.332,36.022,36.084,10,10
137,3.086224,11.041733,35.154,35.836,35.216,35.340,4,4
138,3.120892,11.043369,35.154,36.394,34.968,34.844,4,4
139,3.143353,11.043400,35.030,36.022,34.968,34.968,10,10
140,3.163860,11.043568,34.782,35.340,35.464,34.782,9,9
141,3.186565,11.002594,38.192,36.642,36.456,35.464,10,10
142,3.209270,11.002167,38.006,36.828,36.952,35.836,10,10
143,3.230999,11.042000,35.340,36.146,35.402,35.774,10,10
144,3.251263,11.041965,35.278,35.588,35.340,34.968,9,9
145,3.274456,11.042240,35.278,35.402,35.216,35.092,10,10
146,3.295452,11.042355,34.968,35.588,35.216,35.216,9,9
147,3.316692,11.013870,37.386,38.006,36.518,34.968,9,9
148,3.340130,11.003304,40.734,36.952,37.882,35.898,10,10
149,3.361858,11.045197,36.022,35.898,35.650,35.960,9,9
150,3.382610,11.045143,35.340,35.774,35.526,35.340,9,9
151,3.406780,11.045227,35.092,35.588,35.216,35.340,10,10
152,3.426556,11.045063,34.844,35.650,34.968,35.216,8,8
153,3.450481,11.034943,35.340,35.464,35.092,35.526,10,10
154,3.471722,11.001865,40.424,37.138,37.572,36.580,9,9
155,3.492718,11.044128,37.572,36.270,36.580,36.022,9,9
156,3.516033,11.044090,35.588,36.208,35.402,35.650,10,10
157,3.536785,11.043983,35.154,35.650,35.216,35.464,9,9
158,3.560223,11.043690,35.092,35.402,35.402,35.340,10,10
159,3.580975,11.043617,35.092,35.526,35.092,35.092,9,9
160,3.603680,11.002396,39.308,37.324,36.332,35.526,10,10
161,3.624676,11.002739,38.502,37.386,36.704,36.084,9,9
162,3.704632,10.978546,38.006,36.456,36.642,36.332,10,10
163,3.855267,10.827671,38.750,37.386,37.014,36.580,9,9
164,4.006268,10.676380,41.478,37.758,37.820,36.952,9,9
165,4.177776,10.504574,40.052,37.820,38.130,37.820,10,10
166,4.328533,10.316879,44.640,39.370,39.370,38.874,9,9
167,4.481243,10.201008,45.012,39.990,40.362,39.370,9,9
168,4.648724,10.033344,41.354,39.804,39.618,39.060,10,10
169,4.803143,9.878391,41.912,39.990,39.742,38.688,9,9
170,4.953899,9.727467,42.098,39.556,39.432,39.060,9,9
171,5.125164,9.556171,41.664,39.308,39.494,39.494,10,10
172,5.275799,9.374966,44.392,40.424,40.424,38.998,9,9
173,5.426678,9.251789,46.004,40.548,41.230,39.804,9,9
174,5.581341,9.097050,42.780,40.672,40.734,39.804,9,9
175,5.748943,8.929302,42.842,40.610,39.742,39.494,10,10
176,5.902874,8.774605,41.912,40.114,40.052,39.556,9,9
177,6.070477,8.607155,42.284,40.486,40.238,40.424,10,10
178,6.224651,8.434601,42.656,40.486,39.804,40.238,9,9
179,6.375042,8.274609,47.182,42.284,40.982,42.222,9,9
180,6.529217,8.143715,43.648,41.354,41.230,41.354,9,9
181,6.694744,7.977032,42.656,41.106,40.610,40.486,10,10
182,6.856365,7.815117,42.036,40.858,40.610,40.548,10,10
183,6.985882,7.666737,44.144,40.672,39.742,40.052,9,9
184,8.728561,5.713444,42.904,40.734,40.548,39.866,10,10
185,10.048019,4.251369,46.376,41.726,43.648,40.734,9,9
186,10.830856,3.254536,47.864,42.408,42.470,39.990,5,5
187,10.956467,2.151764,48.670,44.144,43.400,42.780,9,9
188,10.959030,1.368069,48.732,43.524,45.570,42.160,10,10
189,10.638107,0.838493,49.290,45.322,46.190,42.842,9,9
190,10.280563,0.392204,51.770,45.198,45.384,43.524,9,9
191,9.738693,0.125690,50.902,44.888,45.198,44.826,5,5
192,8.607468,0.077843,52.018,46.066,48.794,44.206,6,6
193,8.017868,0.073818,51.150,45.880,46.810,45.136,9,9
194,7.720627,0.077686,50.096,45.322,45.756,44.206,9,9
195,7.717697,0.064709,50.592,45.446,46.624,43.586,8,8
196,,5.343422,44.702,43.896,43.276,41.912,0,1
197,,8.925846,47.988,45.384,45.880,43.524,0,6
